{
  "lattice_dims": [
    4,
    4,
    4,
    4
  ],
  "beta": 6.0,
  "mass": 0.1,
  "n_thermalization": 30,
  "n_configs": 5,
  "plaquette": 0.5742990419255182,
  "correlator": [
    20.417678495079453,
    12.68467645754096,
    14.149141269645835,
    19.90855571900495
  ],
  "correlators": [
    [
      20.417678495079453,
      12.68467645754096,
      14.149141269645835,
      19.90855571900495
    ],
    [
      16.829654751964615,
      17.02282730557936,
      14.883007154131318,
      7.688837339296443
    ],
    [
      9.582704300075958,
      3.1079555414566644,
      3.743569411127278,
      4.30404602061394
    ],
    [
      8.267506047176312,
      2.8040639260860516,
      2.8073560928612986,
      3.2781900601429297
    ],
    [
      8.35254675406502,
      2.657726882914795,
      2.645832093017695,
      2.349136229208105
    ]
  ],
  "hvp_value": 0.79279227859631,
  "hvp_values": [
    0.79279227859631,
    1.06392670659871,
    0.19424722134104153,
    0.17525399538037822,
    0.16610793018217468
  ],
  "hvp_mean": 0.47846562641972284,
  "hvp_std": 0.42185620952367314,
  "hvp_heavy": 0.000506032089348629,
  "kernel": [
    0.0,
    0.0625,
    0.0,
    0.0
  ],
  "cg_iterations": 146,
  "cg_converged": true,
  "mass_ordering_correct": true,
  "checks_passed": 8,
  "checks_total": 8,
  "wall_time_s": 122.61625310103409
}