{
  "lattice_dims": [
    4,
    4,
    4,
    4
  ],
  "beta": 6.0,
  "seed": 42,
  "epsilon": 0.01,
  "t_max": 2.0,
  "checks_passed": 11,
  "checks_total": 11,
  "coefficients": {
    "w6": {
      "A": [
        0.0,
        -0.53125,
        -1.1851851851851851
      ],
      "B": [
        0.25,
        0.8888888888888888,
        0.75
      ],
      "c2": 0.25,
      "c3": 0.6666666666666666
    },
    "w7": {
      "A": [
        0.0,
        -0.5555555555555555,
        -1.1953125000000002
      ],
      "B": [
        0.3333333333333333,
        0.9375,
        0.5333333333333333
      ],
      "c2": 0.3333333333333333,
      "c3": 0.75
    }
  },
  "integrators": {
    "euler": {
      "name": "Euler",
      "t0": null,
      "w0": null,
      "e_initial": 5.1122019106357515,
      "e_final": 0.00016838274801611597,
      "wall_time_s": 29.781134748001932,
      "n_measurements": 201
    },
    "rk3_luscher": {
      "name": "RK3 L\u00fcscher (W6)",
      "t0": null,
      "w0": null,
      "e_initial": 5.1122019106357515,
      "e_final": 0.00016323966316011962,
      "wall_time_s": 75.92062931900728,
      "n_measurements": 201
    },
    "lscfrk3w7": {
      "name": "LSCFRK3W7 (Chuna)",
      "t0": null,
      "w0": null,
      "e_initial": 5.1122019106357515,
      "e_final": 0.00016324100593734236,
      "wall_time_s": 75.5332987139991,
      "n_measurements": 201
    }
  }
}