{
  "barracuda_modules_used": [
    "sample::sparsity::sparsity_sampler",
    "surrogate::RBFSurrogate",
    "surrogate::RBFKernel::ThinPlateSpline",
    "optimize::nelder_mead",
    "optimize::multi_start_nelder_mead",
    "optimize::bisect",
    "sample::latin_hypercube",
    "special::gamma",
    "special::laguerre",
    "numerical::trapz",
    "numerical::gradient_1d",
    "linalg::solve_f64"
  ],
  "best_params": [
    -2348.814836276426,
    535.5507108790214,
    -491.80738341572555,
    10137.649903134577,
    1.5,
    -1.9204505886983947,
    -1.9815951157841902,
    -0.8602331508614132,
    0.4905384022212662,
    177.75183935437087
  ],
  "chi2_per_datum": 33073.57306000328,
  "engine": "barracuda::sparsity_sampler + nalgebra::SymmetricEigen",
  "external_deps": [
    "nalgebra::SymmetricEigen (gap: barracuda::linalg needs symmetric_eigen)"
  ],
  "level": 2,
  "log_chi2": 10.406520080661092,
  "throughput_evals_per_sec": 4.9182601459671975,
  "time_seconds": 172.825343673,
  "total_evals": 850
}