{
  "best_params": [
    -1743.5879168400093,
    422.22148434370234,
    -273.88697544109255,
    12829.195232368616,
    1.0998281240131582,
    -1.627413020654186,
    -0.8334847614103833,
    2.1991247364087108,
    0.42236402084209135,
    70.3550070611351
  ],
  "chi2_per_datum": 5.0427493318298175,
  "config": {
    "max_eval_per_solver": 100,
    "n_initial": 100,
    "n_iterations": 50,
    "n_solvers": 16
  },
  "engine": "barracuda::sparsity_sampler",
  "level": 1,
  "log_chi2": 1.7988590957694135,
  "throughput_evals_per_sec": 209.71675093196933,
  "time_seconds": 5.24516995,
  "total_evals": 1100
}