{
  "accuracy_metrics": {
    "chi2_per_datum": 0.7971152444962277,
    "mae_MeV": 6.023354560992521,
    "max_error_MeV": 30.21326471242105,
    "max_relative_accuracy": 0.15041683763085667,
    "mean_relative_accuracy": 0.009745234820865614,
    "mean_signed_error_MeV": -1.439407914718641,
    "median_relative_accuracy": 0.004969170342307544,
    "n_nuclei": 52,
    "rms_MeV": 8.7792978940704
  },
  "approach1_sparsity_native_autosmooth": {
    "auto_smoothing": true,
    "chi2_per_datum": 40.8277232279716,
    "log_chi2": 3.7335593548064367,
    "penalty_filter": "AdaptiveMAD(5.0)",
    "time_seconds": 2.502007055,
    "total_evals": 150
  },
  "approach2_native_direct_sampler": {
    "chi2_per_datum": 0.7971152444962277,
    "early_stopped": false,
    "log_chi2": 0.5861827373512152,
    "n_rounds": 8,
    "total_evals": 64
  },
  "barracuda_version": "phase5_evolved",
  "best_parameters": {
    "names": [
      "t0",
      "t1",
      "t2",
      "t3",
      "x0",
      "x1",
      "x2",
      "x3",
      "alpha",
      "W0"
    ],
    "values": [
      -1607.6113720161138,
      521.9272882959958,
      -527.3009767621465,
      12923.125061872008,
      0.21339322986964399,
      -0.5511243312337781,
      -0.6869280824128654,
      0.6943190793543638,
      0.4625147959365415,
      140.41936871338913
    ]
  },
  "engine": "barracuda::native_revalidation_v2",
  "level": 1,
  "paper_comparison": {
    "gap_orders_of_magnitude": 3.988792308325625,
    "hfb_theoretical_limit_MeV": 0.5,
    "notes": "SEMF is a 5-term model; 10^-6 requires HFB+ physics",
    "our_mean_relative": 0.009745234820865614,
    "paper_target_relative": 1e-6,
    "semf_theoretical_limit_MeV": 2.0
  },
  "per_nucleus": [
    {
      "A": 4,
      "B_calc_MeV": 24.03980516239728,
      "B_exp_MeV": 28.296,
      "N": 2,
      "Z": 2,
      "abs_delta_MeV": 4.25619483760272,
      "chi2_contribution": 4.528798623909012,
      "delta_B_MeV": -4.25619483760272,
      "element": "He",
      "relative_accuracy": 0.15041683763085667
    },
    {
      "A": 12,
      "B_calc_MeV": 90.24362132147039,
      "B_exp_MeV": 92.162,
      "N": 6,
      "Z": 6,
      "abs_delta_MeV": 1.9183786785296206,
      "chi2_contribution": 0.9200441885592634,
      "delta_B_MeV": -1.9183786785296206,
      "element": "C",
      "relative_accuracy": 0.020815289148777377
    },
    {
      "A": 16,
      "B_calc_MeV": 126.15108734075186,
      "B_exp_MeV": 127.619,
      "N": 8,
      "Z": 8,
      "abs_delta_MeV": 1.4679126592481424,
      "chi2_contribution": 0.5386918937952383,
      "delta_B_MeV": -1.4679126592481424,
      "element": "O",
      "relative_accuracy": 0.011502304980043272
    },
    {
      "A": 20,
      "B_calc_MeV": 162.43173562066812,
      "B_exp_MeV": 160.645,
      "N": 10,
      "Z": 10,
      "abs_delta_MeV": 1.7867356206681109,
      "chi2_contribution": 0.7981060445410648,
      "delta_B_MeV": 1.7867356206681109,
      "element": "Ne",
      "relative_accuracy": 0.011122261014461145
    },
    {
      "A": 24,
      "B_calc_MeV": 198.72280848782472,
      "B_exp_MeV": 198.257,
      "N": 12,
      "Z": 12,
      "abs_delta_MeV": 0.4658084878247166,
      "chi2_contribution": 0.0542443868323873,
      "delta_B_MeV": 0.4658084878247166,
      "element": "Mg",
      "relative_accuracy": 0.0023495184927882326
    },
    {
      "A": 28,
      "B_calc_MeV": 234.82307435837598,
      "B_exp_MeV": 236.537,
      "N": 14,
      "Z": 14,
      "abs_delta_MeV": 1.71392564162403,
      "chi2_contribution": 0.5250320118742728,
      "delta_B_MeV": -1.71392564162403,
      "element": "Si",
      "relative_accuracy": 0.00724590927264669
    },
    {
      "A": 32,
      "B_calc_MeV": 270.61019284785806,
      "B_exp_MeV": 271.78,
      "N": 16,
      "Z": 16,
      "abs_delta_MeV": 1.1698071521419138,
      "chi2_contribution": 0.18526507473695186,
      "delta_B_MeV": -1.1698071521419138,
      "element": "S",
      "relative_accuracy": 0.004304242961740797
    },
    {
      "A": 40,
      "B_calc_MeV": 348.43175067148627,
      "B_exp_MeV": 343.81,
      "N": 22,
      "Z": 18,
      "abs_delta_MeV": 4.621750671486268,
      "chi2_contribution": 1.8070743325378893,
      "delta_B_MeV": 4.621750671486268,
      "element": "Ar",
      "relative_accuracy": 0.013442746492208685
    },
    {
      "A": 40,
      "B_calc_MeV": 340.95509719642587,
      "B_exp_MeV": 342.052,
      "N": 20,
      "Z": 20,
      "abs_delta_MeV": 1.096902803574153,
      "chi2_contribution": 0.10283762181767576,
      "delta_B_MeV": -1.096902803574153,
      "element": "Ca",
      "relative_accuracy": 0.0032068305508348234
    },
    {
      "A": 44,
      "B_calc_MeV": 384.76120704539414,
      "B_exp_MeV": 380.96,
      "N": 24,
      "Z": 20,
      "abs_delta_MeV": 3.8012070453941647,
      "chi2_contribution": 0.9955986406345443,
      "delta_B_MeV": 3.8012070453941647,
      "element": "Ca",
      "relative_accuracy": 0.009977968934780987
    },
    {
      "A": 48,
      "B_calc_MeV": 416.5881136476506,
      "B_exp_MeV": 415.991,
      "N": 28,
      "Z": 20,
      "abs_delta_MeV": 0.5971136476505876,
      "chi2_contribution": 0.020603743073138923,
      "delta_B_MeV": 0.5971136476505876,
      "element": "Ca",
      "relative_accuracy": 0.001435400399649482
    },
    {
      "A": 48,
      "B_calc_MeV": 420.4248966475035,
      "B_exp_MeV": 418.699,
      "N": 26,
      "Z": 22,
      "abs_delta_MeV": 1.7258966475034754,
      "chi2_contribution": 0.16991265379183393,
      "delta_B_MeV": 1.7258966475034754,
      "element": "Ti",
      "relative_accuracy": 0.004122046261164883
    },
    {
      "A": 52,
      "B_calc_MeV": 455.4368676321643,
      "B_exp_MeV": 456.345,
      "N": 28,
      "Z": 24,
      "abs_delta_MeV": 0.9081323678357194,
      "chi2_contribution": 0.03960150740252075,
      "delta_B_MeV": -0.9081323678357194,
      "element": "Cr",
      "relative_accuracy": 0.001990012748766217
    },
    {
      "A": 54,
      "B_calc_MeV": 467.68549127909534,
      "B_exp_MeV": 471.764,
      "N": 28,
      "Z": 26,
      "abs_delta_MeV": 4.078508720904665,
      "chi2_contribution": 0.7474001770270423,
      "delta_B_MeV": -4.078508720904665,
      "element": "Fe",
      "relative_accuracy": 0.00864523092246264
    },
    {
      "A": 56,
      "B_calc_MeV": 489.8076310201825,
      "B_exp_MeV": 492.254,
      "N": 30,
      "Z": 26,
      "abs_delta_MeV": 2.446368979817521,
      "chi2_contribution": 0.24698206346596327,
      "delta_B_MeV": -2.446368979817521,
      "element": "Fe",
      "relative_accuracy": 0.004969729001323546
    },
    {
      "A": 56,
      "B_calc_MeV": 475.71430682188884,
      "B_exp_MeV": 483.988,
      "N": 28,
      "Z": 28,
      "abs_delta_MeV": 8.27369317811116,
      "chi2_contribution": 2.92233254836289,
      "delta_B_MeV": -8.27369317811116,
      "element": "Ni",
      "relative_accuracy": 0.01709483123158252
    },
    {
      "A": 58,
      "B_calc_MeV": 500.91717954747827,
      "B_exp_MeV": 506.454,
      "N": 30,
      "Z": 28,
      "abs_delta_MeV": 5.536820452521738,
      "chi2_contribution": 1.1952007853356725,
      "delta_B_MeV": -5.536820452521738,
      "element": "Ni",
      "relative_accuracy": 0.010932523886713775
    },
    {
      "A": 62,
      "B_calc_MeV": 543.8506439893935,
      "B_exp_MeV": 545.259,
      "N": 34,
      "Z": 28,
      "abs_delta_MeV": 1.4083560106065534,
      "chi2_contribution": 0.0667143436562363,
      "delta_B_MeV": -1.4083560106065534,
      "element": "Ni",
      "relative_accuracy": 0.00258291199339498
    },
    {
      "A": 68,
      "B_calc_MeV": 592.8938946935175,
      "B_exp_MeV": 590.408,
      "N": 40,
      "Z": 28,
      "abs_delta_MeV": 2.48589469351748,
      "chi2_contribution": 0.17728050799767528,
      "delta_B_MeV": 2.48589469351748,
      "element": "Ni",
      "relative_accuracy": 0.004210469189979607
    },
    {
      "A": 78,
      "B_calc_MeV": 644.2805267680864,