{
  "best_params": [
    -2363.817352211452,
    599.7456883102434,
    -597.7141674370107,
    10280.50428288689,
    1.4943523975075022,
    -0.08013517943663612,
    -1.9950517671624204,
    -0.987966395181207,
    0.4990533083777342,
    200.0
  ],
  "chi2_per_datum": 28449.892944699648,
  "engine": "barracuda::direct_multi_start_nm",
  "level": 2,
  "log_chi2": 10.255934825518862,
  "max_evals_per_start": 200,
  "n_starts": 20,
  "time_seconds": 5511.704894304,
  "total_evals": 4022
}