{
  "chi2_best_per_datum": 14.1455362117376,
  "chi2_l2_per_datum": 16.103583714897248,
  "chi2_l3_per_datum": 2.0251220425561346e+19,
  "engine": "barracuda::l3_deformed_hfb",
  "l2_time_s": 1.241384366,
  "l3_time_s": 381.229412503,
  "level": 3,
  "n_l2_better": 47,
  "n_l3_better": 5,
  "n_nuclei": 52,
  "params_set": "best_l2_42"
}