{
  "chi2_best_per_datum": 24.04881247713087,
  "chi2_l2_per_datum": 24.04881247713087,
  "chi2_l3_per_datum": 7.900926926820333e+18,
  "engine": "barracuda::l3_deformed_hfb",
  "l2_time_s": 0.674691407,
  "l3_time_s": 351.1809298,
  "level": 3,
  "n_l2_better": 42,
  "n_l3_better": 0,
  "n_nuclei": 52,
  "params_set": "sly4"
}