{
  "best_params": [
    -2027.0540586434395,
    565.8129721149888,
    -226.06633539606202,
    11559.766532509762,
    0.5201720510546327,
    -0.4844902776330382,
    -1.9791224742287368,
    1.6803918677070697,
    0.32793975510552503,
    90.35573187717411
  ],
  "chi2_per_datum": 34.269524112952546,
  "config": {
    "max_eval_per_solver": 100,
    "n_initial": 100,
    "n_iterations": 10,
    "n_solvers": 16
  },
  "engine": "barracuda::sparsity_sampler",
  "level": 1,
  "log_chi2": 3.5630192514705867,
  "throughput_evals_per_sec": 3998.3741544454915,
  "time_seconds": 0.075030497,
  "total_evals": 300
}