{
  "accuracy_metrics": {
    "chi2_per_datum": 26.871640913620286,
    "mae_MeV": 17.397401018380716,
    "max_error_MeV": 70.23261353352109,
    "max_relative_accuracy": 0.1383316104861546,
    "mean_relative_accuracy": 0.019346600294739322,
    "mean_signed_error_MeV": -14.732151210193589,
    "median_relative_accuracy": 0.014051071347234632,
    "n_nuclei": 52,
    "rms_MeV": 25.49816775818789
  },
  "approach1_sparsity_native_autosmooth": {
    "auto_smoothing": true,
    "chi2_per_datum": 488.13671933946733,
    "log_chi2": 6.192642040048232,
    "penalty_filter": "AdaptiveMAD(5.0)",
    "time_seconds": 1.2758259650000001,
    "total_evals": 150
  },
  "approach2_native_direct_sampler": {
    "chi2_per_datum": 26.871640913620286,
    "early_stopped": false,
    "log_chi2": 3.3276097171779546,
    "n_rounds": 8,
    "total_evals": 64
  },
  "barracuda_version": "phase5_evolved",
  "best_parameters": {
    "names": [
      "t0",
      "t1",
      "t2",
      "t3",
      "x0",
      "x1",
      "x2",
      "x3",
      "alpha",
      "W0"
    ],
    "values": [
      -2112.066356851431,
      389.9616300272392,
      -132.36002132343827,
      12840.913411841597,
      -0.2774131913159458,
      -0.7134424511916928,
      -0.4309582832269607,
      -0.2814521798882731,
      0.250362861713165,
      176.2565880195505
    ]
  },
  "engine": "barracuda::native_revalidation_v2",
  "level": 1,
  "paper_comparison": {
    "gap_orders_of_magnitude": 4.28660465912471,
    "hfb_theoretical_limit_MeV": 0.5,
    "notes": "SEMF is a 5-term model; 10^-6 requires HFB+ physics",
    "our_mean_relative": 0.019346600294739322,
    "paper_target_relative": 1e-6,
    "semf_theoretical_limit_MeV": 2.0
  },
  "per_nucleus": [
    {
      "A": 4,
      "B_calc_MeV": 24.38176874968377,
      "B_exp_MeV": 28.296,
      "N": 2,
      "Z": 2,
      "abs_delta_MeV": 3.914231250316231,
      "chi2_contribution": 3.830301570238041,
      "delta_B_MeV": -3.914231250316231,
      "element": "He",
      "relative_accuracy": 0.1383316104861546
    },
    {
      "A": 12,
      "B_calc_MeV": 91.85030601908325,
      "B_exp_MeV": 92.162,
      "N": 6,
      "Z": 6,
      "abs_delta_MeV": 0.3116939809167576,
      "chi2_contribution": 0.024288284434934013,
      "delta_B_MeV": -0.3116939809167576,
      "element": "C",
      "relative_accuracy": 0.003382022752509251
    },
    {
      "A": 16,
      "B_calc_MeV": 128.41144072231816,
      "B_exp_MeV": 127.619,
      "N": 8,
      "Z": 8,
      "abs_delta_MeV": 0.7924407223181618,
      "chi2_contribution": 0.1569905745970325,
      "delta_B_MeV": 0.7924407223181618,
      "element": "O",
      "relative_accuracy": 0.006209425887353464
    },
    {
      "A": 20,
      "B_calc_MeV": 165.3402624746729,
      "B_exp_MeV": 160.645,
      "N": 10,
      "Z": 10,
      "abs_delta_MeV": 4.695262474672887,
      "chi2_contribution": 5.511372426517841,
      "delta_B_MeV": 4.695262474672887,
      "element": "Ne",
      "relative_accuracy": 0.0292275668378903
    },
    {
      "A": 24,
      "B_calc_MeV": 202.26900653254876,
      "B_exp_MeV": 198.257,
      "N": 12,
      "Z": 12,
      "abs_delta_MeV": 4.012006532548753,
      "chi2_contribution": 4.024049104303467,
      "delta_B_MeV": 4.012006532548753,
      "element": "Mg",
      "relative_accuracy": 0.02023639282622431
    },
    {
      "A": 28,
      "B_calc_MeV": 238.99371572714315,
      "B_exp_MeV": 236.537,
      "N": 14,
      "Z": 14,
      "abs_delta_MeV": 2.4567157271431483,
      "chi2_contribution": 1.0787272344276795,
      "delta_B_MeV": 2.4567157271431483,
      "element": "Si",
      "relative_accuracy": 0.010386179443990362
    },
    {
      "A": 32,
      "B_calc_MeV": 275.3904587739625,
      "B_exp_MeV": 271.78,
      "N": 16,
      "Z": 16,
      "abs_delta_MeV": 3.6104587739625345,
      "chi2_contribution": 1.7647768255313545,
      "delta_B_MeV": 3.6104587739625345,
      "element": "S",
      "relative_accuracy": 0.013284490300840881
    },
    {
      "A": 40,
      "B_calc_MeV": 351.30282993984366,
      "B_exp_MeV": 343.81,
      "N": 22,
      "Z": 18,
      "abs_delta_MeV": 7.492829939843659,
      "chi2_contribution": 4.749574922664374,
      "delta_B_MeV": 7.492829939843659,
      "element": "Ar",
      "relative_accuracy": 0.02179351950159582
    },
    {
      "A": 40,
      "B_calc_MeV": 346.9066701024663,
      "B_exp_MeV": 342.052,
      "N": 20,
      "Z": 20,
      "abs_delta_MeV": 4.854670102466287,
      "chi2_contribution": 2.0143511349631202,
      "delta_B_MeV": 4.854670102466287,
      "element": "Ca",
      "relative_accuracy": 0.014192783852941326
    },
    {
      "A": 44,
      "B_calc_MeV": 388.5415417097849,
      "B_exp_MeV": 380.96,
      "N": 24,
      "Z": 20,
      "abs_delta_MeV": 7.581541709784915,
      "chi2_contribution": 3.960557301353238,
      "delta_B_MeV": 7.581541709784915,
      "element": "Ca",
      "relative_accuracy": 0.0199011489652061
    },
    {
      "A": 48,
      "B_calc_MeV": 412.8983976551404,
      "B_exp_MeV": 415.991,
      "N": 28,
      "Z": 20,
      "abs_delta_MeV": 3.0926023448595856,
      "chi2_contribution": 0.5526883270140013,
      "delta_B_MeV": -3.0926023448595856,
      "element": "Ca",
      "relative_accuracy": 0.007434301090311055
    },
    {
      "A": 48,
      "B_calc_MeV": 425.0435506461898,
      "B_exp_MeV": 418.699,
      "N": 26,
      "Z": 22,
      "abs_delta_MeV": 6.344550646189759,
      "chi2_contribution": 2.2961374913383743,
      "delta_B_MeV": 6.344550646189759,
      "element": "Ti",
      "relative_accuracy": 0.015153011223312593
    },
    {
      "A": 52,
      "B_calc_MeV": 460.8351440870366,
      "B_exp_MeV": 456.345,
      "N": 28,
      "Z": 24,
      "abs_delta_MeV": 4.490144087036583,
      "chi2_contribution": 0.9681306333164078,
      "delta_B_MeV": 4.490144087036583,
      "element": "Cr",
      "relative_accuracy": 0.009839362953547388
    },
    {
      "A": 54,
      "B_calc_MeV": 475.1425520109889,
      "B_exp_MeV": 471.764,
      "N": 28,
      "Z": 26,
      "abs_delta_MeV": 3.3785520109888694,
      "chi2_contribution": 0.5128751109289281,
      "delta_B_MeV": 3.3785520109888694,
      "element": "Fe",
      "relative_accuracy": 0.007161529940794273
    },
    {
      "A": 56,
      "B_calc_MeV": 495.93562515314835,
      "B_exp_MeV": 492.254,
      "N": 30,
      "Z": 26,
      "abs_delta_MeV": 3.6816251531483317,
      "chi2_contribution": 0.5593718786133235,
      "delta_B_MeV": 3.6816251531483317,
      "element": "Fe",
      "relative_accuracy": 0.00747911678350675
    },
    {
      "A": 56,
      "B_calc_MeV": 483.80676596194405,
      "B_exp_MeV": 483.988,
      "N": 28,
      "Z": 28,
      "abs_delta_MeV": 0.18123403805594762,
      "chi2_contribution": 0.001402201238253506,
      "delta_B_MeV": -0.18123403805594762,
      "element": "Ni",
      "relative_accuracy": 0.0003744597759778086
    },
    {
      "A": 58,
      "B_calc_MeV": 508.9336612798248,
      "B_exp_MeV": 506.454,
      "N": 30,
      "Z": 28,
      "abs_delta_MeV": 2.479661279824768,
      "chi2_contribution": 0.2397202433644919,
      "delta_B_MeV": 2.479661279824768,
      "element": "Ni",
      "relative_accuracy": 0.004896123398817598
    },
    {
      "A": 62,
      "B_calc_MeV": 548.4455760645562,
      "B_exp_MeV": 545.259,
      "N": 34,
      "Z": 28,
      "abs_delta_MeV": 3.1865760645562204,
      "chi2_contribution": 0.3415410379284375,
      "delta_B_MeV": 3.1865760645562204,
      "element": "Ni",
      "relative_accuracy": 0.005844151246574968
    },
    {
      "A": 68,
      "B_calc_MeV": 585.6253559438398,
      "B_exp_MeV": 590.408,
      "N": 40,
      "Z": 28,
      "abs_delta_MeV": 4.782644056160166,
      "chi2_contribution": 0.6561930906209894,
      "delta_B_MeV": -4.782644056160166,
      "element": "Ni",
      "relative_accuracy": 0.008100574613081404
    },
    {
      "A": 78,
      "B_calc_MeV": 603.8937393002217,