{
  "barracuda_modules_used": [
    "sample::sparsity::sparsity_sampler",
    "surrogate::RBFSurrogate",
    "surrogate::RBFKernel::ThinPlateSpline",
    "optimize::nelder_mead",
    "optimize::multi_start_nelder_mead",
    "optimize::bisect",
    "sample::latin_hypercube",
    "special::gamma",
    "special::laguerre",
    "numerical::trapz",
    "numerical::gradient_1d",
    "linalg::solve_f64"
  ],
  "best_params": [
    -2068.3753766807067,
    583.2533638989742,
    -477.950830255957,
    11172.48626286334,
    0.9050311143106075,
    -0.795656460618982,
    -1.8801483192609598,
    -0.14901382653829254,
    0.41520691434128776,
    151.9526813288057
  ],
  "chi2_per_datum": 59083.95700915727,
  "engine": "barracuda::sparsity_sampler + nalgebra::SymmetricEigen",
  "external_deps": [
    "nalgebra::SymmetricEigen (gap: barracuda::linalg needs symmetric_eigen)"
  ],
  "level": 2,
  "log_chi2": 10.986731636462752,
  "throughput_evals_per_sec": 5.260358998543679,
  "time_seconds": 28.515164087,
  "total_evals": 150
}