{
  "chi2_best_per_datum": 13.924149853839864,
  "chi2_l2_per_datum": 20.583645449963562,
  "chi2_l3_per_datum": 2.262912834422837e+19,
  "engine": "barracuda::l3_deformed_hfb",
  "l2_time_s": 35.123582897,
  "l3_time_s": 16278.966498411,
  "level": 3,
  "n_l2_better": 1741,
  "n_l3_better": 295,
  "n_nuclei": 2042,
  "params_set": "best_l2_42"
}