{
  "best_params": [
    -1721.167773410279,
    407.06060352541306,
    -364.20771140166397,
    10119.204425743059,
    -0.6935630631690194,
    0.6967278188484669,
    -1.9944601757719214,
    -0.4983883080388852,
    0.4669563924931158,
    141.0943496746594
  ],
  "chi2_per_datum": 60039.73345141262,
  "engine": "barracuda::l1_screen_l2_eval",
  "l1_samples": 10000,
  "level": 2,
  "log_chi2": 11.002778501718963,
  "time_seconds": 28.703678516,
  "total_l2_evals": 200
}