{
  "architecture": {
    "surrogate": "barracuda::RBFSurrogate (GPU WGSL cdist)",
    "tier1": "NMP algebraic pre-screen (CPU)",
    "tier2": "L1 SEMF proxy (CPU)",
    "tier3": "logistic regression classifier (NPU-ready, CPU fallback)",
    "tier4": "spherical HFB (CPU parallel, rayon)"
  },
  "best_params": [
    -1834.718535140508,
    504.0893753575432,
    -560.30339179959,
    10037.996259704232,
    0.6538970713285589,
    -0.5969885226729712,
    -1.9862698446976308,
    2.2782776363240487,
    0.5,
    52.76589980351193
  ],
  "cascade_stats": {
    "pass_rate": 0.09244444444444444,
    "tier1_rejected": 3504,
    "tier2_rejected": 580,
    "tier3_rejected": 0,
    "tier4_evaluated": 416,
    "total_candidates": 4500
  },
  "chi2_per_datum": 49200.55177739983,
  "engine": "hotspring::heterogeneous_pipeline",
  "level": 2,
  "log_chi2": 10.803680442174072,
  "time_seconds": 58.106459875,
  "total_hfb_evals": 416
}