{
  "best_params": [
    -1743.5879168400093,
    422.22148434370234,
    -273.88697544109255,
    12829.195232368616,
    1.0998281240131582,
    -1.627413020654186,
    -0.8334847614103833,
    2.1991247364087108,
    0.42236402084209135,
    70.3550070611351
  ],
  "chi2_per_datum": 5.042749331829816,
  "config": {
    "max_eval_per_solver": 100,
    "n_initial": 100,
    "n_iterations": 30,
    "n_solvers": 16,
    "smoothing": 0.01
  },
  "engine": "barracuda::sparsity_sampler",
  "level": 1,
  "log_chi2": 1.7988590957694133,
  "throughput_evals_per_sec": 653.8898758334213,
  "time_seconds": 1.070516651,
  "total_evals": 700
}