{
  "architecture": {
    "surrogate": "barracuda::RBFSurrogate (GPU WGSL cdist)",
    "tier1": "NMP algebraic pre-screen (CPU)",
    "tier2": "L1 SEMF proxy (CPU)",
    "tier3": "logistic regression classifier (NPU-ready, CPU fallback)",
    "tier4": "spherical HFB (CPU parallel, rayon)"
  },
  "best_params": [
    -1849.5150658752557,
    563.749483726387,
    -566.8247580248863,
    10023.476439341903,
    0.6415854579085344,
    -0.7972820268403193,
    -2.0,
    2.308025653543882,
    0.5,
    52.83470240421593
  ],
  "cascade_stats": {
    "pass_rate": 0.08895238095238095,
    "tier1_rejected": 8063,
    "tier2_rejected": 1503,
    "tier3_rejected": 0,
    "tier4_evaluated": 934,
    "total_candidates": 10500
  },
  "chi2_per_datum": 48530.8555581961,
  "comparison": {
    "hetero_chi2_improvement": -0.008690907789459487,
    "hetero_speedup": 5.625103182981521,
    "plain_chi2_per_datum": 48112.71241113018,
    "plain_evals": 400,
    "plain_time_s": 680.120831288
  },
  "engine": "hotspring::heterogeneous_pipeline",
  "level": 2,
  "log_chi2": 10.789975676949501,
  "time_seconds": 120.908152111,
  "total_hfb_evals": 934
}