{
  "anderson_1d": {
    "n": 1000,
    "w": 4.0,
    "e_min": -3.5318293949622483,
    "e_max": 3.6055185253158064,
    "time_ms": 281.6203571856022
  },
  "herman_formula": {
    "n": 100000,
    "results": [
      {
        "lambda": 1.5,
        "gamma": 0.40549231039629385,
        "theory": 0.4054651081081644,
        "error": 2.7202288129468677e-05
      },
      {
        "lambda": 2.0,
        "gamma": 0.6931710192036007,
        "theory": 0.6931471805599453,
        "error": 2.3838643655405e-05
      },
      {
        "lambda": 3.0,
        "gamma": 1.0986335216801548,
        "theory": 1.0986122886681098,
        "error": 2.1233012045041022e-05
      },
      {
        "lambda": 5.0,
        "gamma": 1.6094578583591643,
        "theory": 1.6094379124341003,
        "error": 1.9945925064046577e-05
      }
    ],
    "time_ms": 1762.070873985067
  },
  "level_stats_1d": {
    "n": 1000,
    "w": 8.0,
    "r_mean": 0.3889261610251238,
    "poisson_r": 0.3862943611198906,
    "time_ms": 2224.3440682068467
  },
  "anderson_2d": {
    "l": 16,
    "w": 5.0,
    "e_min": -4.885027752013966,
    "e_max": 4.705141555671081,
    "time_ms": 11.613111943006516
  },
  "hofstadter": {
    "n": 500
  },
  "anderson_3d_bandwidth": {
    "l": 8,
    "bandwidth": 11.276311449430906,
    "exact_obc": 11.276311449430901,
    "time_ms": 52.3049661424011
  },
  "anderson_3d_transition": {
    "w_values": [
      2.0,
      6.0,
      12.0,
      20.0,
      35.0
    ],
    "r_values": [
      0.5242237195614684,
      0.5425750318965258,
      0.5155608639537034,
      0.41435479414931986,
      0.40281929533050587
    ],
    "delta_r": 0.12140442423096254,
    "pass": true,
    "time_ms": 1549.6870211791247
  },
  "anderson_3d_mobility_edge": {
    "center_r": 0.5104157451233722,
    "edge_r": 0.4962119793943457,
    "pass": true,
    "time_ms": 648.4367651864886
  },
  "dimensional_hierarchy": {
    "bw_1d": 5.302629925557369,
    "bw_2d": 8.377608928849057,
    "bw_3d": 11.45070310527625,
    "pass": true
  },
  "total_time_ms": 6530.077163828537
}